{
    "accuracy": 80.29556650246306,
    "loss": 0.9376919950537982
}